{
	"description": "项目配置文件。",
	"packOptions": {
		"ignore": [
			{
				"type": "folder",
				"value": "node_modules"
			},
			{
				"type": "file",
				"value": ".gitignore"
			},
			{
				"type": "file",
				"value": "package-lock.json"
			},
			{
				"type": "file",
				"value": "package.json"
			},
			{
				"type": "file",
				"value": "README.md"
			}
		]
	},
	"setting": {
		"urlCheck": true,
		"es6": true,
		"postcss": true,
		"minified": true,
		"newFeature": true
	},
	"compileType": "miniprogram",
	"libVersion": "1.9.91",
	"appid": "wx9074de28009e1111",
	"projectname": "Weibo",
	"isGameTourist": false,
	"condition": {
		"search": {
			"current": -1,
			"list": []
		},
		"conversation": {
			"current": -1,
			"list": []
		},
		"game": {
			"current": -1,
			"list": []
		},
		"miniprogram": {
			"current": -1,
			"list": []
		}
	}
}