{"libVersion":"2.10.11","appid":"14539182","setting":{"urlCheck":false},"appInfo":{"app_name":"微博","app_key":"poBOBNjBW9jsA1GzoH3SA94u2itMgm2L","app_photo":"https://b.bdstatic.com/searchbox/mappconsole/image/20181024/1540366708-13657.png","domains":[],"isExistsPackage":true,"webview_domains":["https://ing.weibo.com","https://live.weibo.com","https://media.weibo.cn","https://m.weibo.cn"],"webAction":["swan/navigateTo","swan/navigateBack","swan/switchTab","swan/reLaunch","swan/redirectTo","swan/postMessage","swan/previewImage","swan/getLocation"],"isTp":false,"needWeb":false},"condition":{"swan":{"current":-1,"list":[]}},"appkey":"poBOBNjBW9jsA1GzoH3SA94u2itMgm2L","editor":{"curPath":"/Users/suxing/suxiaonao/BaiduMP/utils/loginUtil.js","expands":["/Users/suxing/suxiaonao/BaiduMP/utils","/Users/suxing/suxiaonao/BaiduMP/pages","/Users/suxing/suxiaonao/BaiduMP/pages/index","/Users/suxing/suxiaonao/BaiduMP/pages/feed","/Users/suxing/suxiaonao/BaiduMP/pages/profile","/Users/suxing/suxiaonao/BaiduMP/pages/topic","/Users/suxing/suxiaonao/BaiduMP/pages/CommentDetail","/Users/suxing/suxiaonao/BaiduMP/common","/Users/suxing/suxiaonao/BaiduMP/common/MBlogImage","/Users/suxing/suxiaonao/BaiduMP/pages/BDLongText","/Users/suxing/suxiaonao/BaiduMP/pages/hotSearch","/Users/suxing/suxiaonao/BaiduMP/pages/searchUserResult","/Users/suxing/suxiaonao/BaiduMP/pages/SuperSubject","/Users/suxing/suxiaonao/BaiduMP/pages/SuperSubjectDescription","/Users/suxing/suxiaonao/BaiduMP/pages/WebView"],"paths":["/Users/suxing/suxiaonao/BaiduMP/utils/networkUtil.js","/Users/suxing/suxiaonao/BaiduMP/utils/loginUtil.js"]},"compilation-args":{"options":[{"editable":true,"extra":{"compilationArgs":"--module cmd","ext":"","index":"pages/profile/profile","query":"uid=1768305123","scene":{}},"id":0,"name":"profile"}],"selected":-1},"publish":{"version":"0.2"},"project-info":{"urlCheck":false}}