{"navigationBarTitleText":"微博正文","usingComponents":{"blog-title":"../../common/Header/Header","error-toast":"../../common/Error/Error","network-toast":"../../common/NetworkErrorToast/NetworkErrorToast","wb-main-content":"../../common/Content/Content","wb-main-media":"../../common/MBlogMedia/MBlogMedia","retweet-card":"../../common/RetweetCard/RetweetCard","comment":"../../common/Comment/Comment","water-pull-flow":"../../common/WaterPullFlow/WaterPullFlow","wb-footer-a":"../../common/FooterA/FooterA","to-home":"../../common/ToHomeButton/ToHomeButton"}}