[
    {
        "type": "delete api",
        "file": "/Users/qiuchen/Workspace/MiniProgram_swan/canvas/util.js",
        "row": 142,
        "column": 4,
        "before": "wx.canvasGetImageData({\n  canvasId,\n  x: left,\n  y: top,\n  width,\n  height,\n\n  success(res) {\n    // 处理imageData数据\n    const gaussData = processImageDataRGBA({\n      data: res.data\n    }, width, height, radius); // 做高斯模糊处理\n\n    wx.canvasPutImageData({\n      canvasId,\n      x: left,\n      y: top,\n      width,\n      height,\n      data: gaussData.data,\n\n      success() {\n        resolve();\n      },\n\n      fail: e => {\n        reject(e);\n      }\n    }, compThis);\n  },\n\n  fail: e => {\n    reject(e);\n  }\n}, compThis)",
        "after": "",
        "message": "wx.canvasGetImageData:没有相对应的函数"
    },
    {
        "type": "Component api",
        "file": "/Users/qiuchen/Workspace/MiniProgram_swan/common/TabBar/TabBar.js",
        "row": 9,
        "column": 2,
        "before": "/**\n * 组件的外部样式\n * 用于隐藏tab对应的scroll-view滑动时候下方出现的滚动条\n * 由于组件内目前不支持特殊样式选择器，故使用外部样式替代\n */externalClasses: [\"hide-scrollbar\"]",
        "after": "/**\n * 组件的外部样式\n * 用于隐藏tab对应的scroll-view滑动时候下方出现的滚动条\n * 由于组件内目前不支持特殊样式选择器，故使用外部样式替代\n */externalClasses: [\"hide-scrollbar\"]",
        "message": "自定义组件---externalClasses: 没有相对应的方法"
    }
]