[
    {
        "type": "transform context",
        "file": "/Users/qiuchen/Workspace/MiniProgram_swan/app.js",
        "row": 12,
        "column": 4,
        "before": "wx.getSystemInfo",
        "after": "swan.getSystemInfo",
        "message": "只转换了上下文, wx ==> swan"
    },
    {
        "type": "transform context",
        "file": "/Users/qiuchen/Workspace/MiniProgram_swan/app.js",
        "row": 41,
        "column": 4,
        "before": "wx.getSetting",
        "after": "swan.getSetting",
        "message": "只转换了上下文, wx ==> swan"
    },
    {
        "type": "transform context",
        "file": "/Users/qiuchen/Workspace/MiniProgram_swan/canvas/topic.js",
        "row": 15,
        "column": 26,
        "before": "wx.createCanvasContext",
        "after": "swan.createCanvasContext",
        "message": "只转换了上下文, wx ==> swan"
    },
    {
        "type": "transform context",
        "file": "/Users/qiuchen/Workspace/MiniProgram_swan/canvas/topic.js",
        "row": 100,
        "column": 12,
        "before": "wx.canvasToTempFilePath",
        "after": "swan.canvasToTempFilePath",
        "message": "只转换了上下文, wx ==> swan"
    },
    {
        "type": "transform context",
        "file": "/Users/qiuchen/Workspace/MiniProgram_swan/canvas/util.js",
        "row": 6,
        "column": 4,
        "before": "wx.getImageInfo",
        "after": "swan.getImageInfo",
        "message": "只转换了上下文, wx ==> swan"
    },
    {
        "type": "transform context",
        "file": "/Users/qiuchen/Workspace/MiniProgram_swan/canvas/util.js",
        "row": 154,
        "column": 8,
        "before": "wx.canvasPutImageData",
        "after": "swan.canvasPutImageData",
        "message": "只转换了上下文, wx ==> swan"
    },
    {
        "type": "transform context",
        "file": "/Users/qiuchen/Workspace/MiniProgram_swan/common/Article/Article.js",
        "row": 28,
        "column": 6,
        "before": "wx.navigateTo",
        "after": "swan.navigateTo",
        "message": "只转换了上下文, wx ==> swan"
    },
    {
        "type": "transform context",
        "file": "/Users/qiuchen/Workspace/MiniProgram_swan/common/BirthCard/BirthCard.js",
        "row": 20,
        "column": 6,
        "before": "wx.navigateTo",
        "after": "swan.navigateTo",
        "message": "只转换了上下文, wx ==> swan"
    },
    {
        "type": "transform context",
        "file": "/Users/qiuchen/Workspace/MiniProgram_swan/common/Card/Card.js",
        "row": 34,
        "column": 6,
        "before": "wx.navigateTo",
        "after": "swan.navigateTo",
        "message": "只转换了上下文, wx ==> swan"
    },
    {
        "type": "transform context",
        "file": "/Users/qiuchen/Workspace/MiniProgram_swan/common/Card/Card.js",
        "row": 40,
        "column": 6,
        "before": "wx.navigateTo",
        "after": "swan.navigateTo",
        "message": "只转换了上下文, wx ==> swan"
    },
    {
        "type": "transform context",
        "file": "/Users/qiuchen/Workspace/MiniProgram_swan/common/CardImage/CardImage.js",
        "row": 38,
        "column": 6,
        "before": "wx.previewImage",
        "after": "swan.previewImage",
        "message": "只转换了上下文, wx ==> swan"
    },
    {
        "type": "transform context",
        "file": "/Users/qiuchen/Workspace/MiniProgram_swan/common/CardVideo/CardVideo.js",
        "row": 51,
        "column": 6,
        "before": "wx.navigateTo",
        "after": "swan.navigateTo",
        "message": "只转换了上下文, wx ==> swan"
    },
    {
        "type": "transform context",
        "file": "/Users/qiuchen/Workspace/MiniProgram_swan/common/Comment/Comment.js",
        "row": 102,
        "column": 6,
        "before": "wx.navigateTo",
        "after": "swan.navigateTo",
        "message": "只转换了上下文, wx ==> swan"
    },
    {
        "type": "transform context",
        "file": "/Users/qiuchen/Workspace/MiniProgram_swan/common/Comment/Comment.js",
        "row": 108,
        "column": 6,
        "before": "wx.navigateTo",
        "after": "swan.navigateTo",
        "message": "只转换了上下文, wx ==> swan"
    },
    {
        "type": "transform context",
        "file": "/Users/qiuchen/Workspace/MiniProgram_swan/common/Comment/Comment.js",
        "row": 118,
        "column": 8,
        "before": "wx.navigateTo",
        "after": "swan.navigateTo",
        "message": "只转换了上下文, wx ==> swan"
    },
    {
        "type": "transform context",
        "file": "/Users/qiuchen/Workspace/MiniProgram_swan/common/Comment/Comment.js",
        "row": 132,
        "column": 6,
        "before": "wx.navigateBack",
        "after": "swan.navigateBack",
        "message": "只转换了上下文, wx ==> swan"
    },
    {
        "type": "transform context",
        "file": "/Users/qiuchen/Workspace/MiniProgram_swan/common/Content/Content.js",
        "row": 61,
        "column": 6,
        "before": "wx.navigateTo",
        "after": "swan.navigateTo",
        "message": "只转换了上下文, wx ==> swan"
    },
    {
        "type": "transform context",
        "file": "/Users/qiuchen/Workspace/MiniProgram_swan/common/Content/Content.js",
        "row": 79,
        "column": 6,
        "before": "wx.navigateTo",
        "after": "swan.navigateTo",
        "message": "只转换了上下文, wx ==> swan"
    },
    {
        "type": "transform context",
        "file": "/Users/qiuchen/Workspace/MiniProgram_swan/common/Content/Content.js",
        "row": 85,
        "column": 6,
        "before": "wx.navigateTo",
        "after": "swan.navigateTo",
        "message": "只转换了上下文, wx ==> swan"
    },
    {
        "type": "transform context",
        "file": "/Users/qiuchen/Workspace/MiniProgram_swan/common/Content/Content.js",
        "row": 91,
        "column": 6,
        "before": "wx.navigateTo",
        "after": "swan.navigateTo",
        "message": "只转换了上下文, wx ==> swan"
    },
    {
        "type": "transform context",
        "file": "/Users/qiuchen/Workspace/MiniProgram_swan/common/Content/Content.js",
        "row": 97,
        "column": 6,
        "before": "wx.navigateTo",
        "after": "swan.navigateTo",
        "message": "只转换了上下文, wx ==> swan"
    },
    {
        "type": "transform context",
        "file": "/Users/qiuchen/Workspace/MiniProgram_swan/common/Content/Content.js",
        "row": 103,
        "column": 6,
        "before": "wx.previewImage",
        "after": "swan.previewImage",
        "message": "只转换了上下文, wx ==> swan"
    },
    {
        "type": "transform context",
        "file": "/Users/qiuchen/Workspace/MiniProgram_swan/common/Content/Content.js",
        "row": 126,
        "column": 8,
        "before": "wx.showModal",
        "after": "swan.showModal",
        "message": "只转换了上下文, wx ==> swan"
    },
    {
        "type": "transform context",
        "file": "/Users/qiuchen/Workspace/MiniProgram_swan/common/CustomNavigation/CustomNavigation.js",
        "row": 48,
        "column": 8,
        "before": "wx.navigateBack",
        "after": "swan.navigateBack",
        "message": "只转换了上下文, wx ==> swan"
    },
    {
        "type": "transform context",
        "file": "/Users/qiuchen/Workspace/MiniProgram_swan/common/CustomNavigation/CustomNavigation.js",
        "row": 57,
        "column": 6,
        "before": "wx.navigateTo",
        "after": "swan.navigateTo",
        "message": "只转换了上下文, wx ==> swan"
    },
    {
        "type": "transform context",
        "file": "/Users/qiuchen/Workspace/MiniProgram_swan/common/Footer/Footer.js",
        "row": 69,
        "column": 6,
        "before": "wx.navigateTo",
        "after": "swan.navigateTo",
        "message": "只转换了上下文, wx ==> swan"
    },
    {
        "type": "transform context",
        "file": "/Users/qiuchen/Workspace/MiniProgram_swan/common/FooterA/FooterA.js",
        "row": 70,
        "column": 6,
        "before": "wx.navigateTo",
        "after": "swan.navigateTo",
        "message": "只转换了上下文, wx ==> swan"
    },
    {
        "type": "transform context",
        "file": "/Users/qiuchen/Workspace/MiniProgram_swan/common/Header/Header.js",
        "row": 64,
        "column": 6,
        "before": "wx.navigateTo",
        "after": "swan.navigateTo",
        "message": "只转换了上下文, wx ==> swan"
    },
    {
        "type": "transform context",
        "file": "/Users/qiuchen/Workspace/MiniProgram_swan/common/MBlogImage/MBlogImage.js",
        "row": 33,
        "column": 6,
        "before": "wx.previewImage",
        "after": "swan.previewImage",
        "message": "只转换了上下文, wx ==> swan"
    },
    {
        "type": "transform context",
        "file": "/Users/qiuchen/Workspace/MiniProgram_swan/common/MBlogVideo/MBlogVideo.js",
        "row": 59,
        "column": 8,
        "before": "wx.navigateTo",
        "after": "swan.navigateTo",
        "message": "只转换了上下文, wx ==> swan"
    },
    {
        "type": "transform context",
        "file": "/Users/qiuchen/Workspace/MiniProgram_swan/common/RetweetCard/RetweetCard.js",
        "row": 23,
        "column": 6,
        "before": "wx.navigateTo",
        "after": "swan.navigateTo",
        "message": "只转换了上下文, wx ==> swan"
    },
    {
        "type": "transform context",
        "file": "/Users/qiuchen/Workspace/MiniProgram_swan/common/UserList/UserList.js",
        "row": 33,
        "column": 6,
        "before": "wx.navigateTo",
        "after": "swan.navigateTo",
        "message": "只转换了上下文, wx ==> swan"
    },
    {
        "type": "transform context",
        "file": "/Users/qiuchen/Workspace/MiniProgram_swan/common/WaterPullFlow/WaterPullFlow.js",
        "row": 63,
        "column": 8,
        "before": "wx.navigateTo",
        "after": "swan.navigateTo",
        "message": "只转换了上下文, wx ==> swan"
    },
    {
        "type": "transform context",
        "file": "/Users/qiuchen/Workspace/MiniProgram_swan/common/WaterPullFlow/WaterPullFlow.js",
        "row": 67,
        "column": 8,
        "before": "wx.redirectTo",
        "after": "swan.redirectTo",
        "message": "只转换了上下文, wx ==> swan"
    },
    {
        "type": "transform context",
        "file": "/Users/qiuchen/Workspace/MiniProgram_swan/lib/promiseRequest.js",
        "row": 19,
        "column": 18,
        "before": "wx.request",
        "after": "swan.request",
        "message": "只转换了上下文, wx ==> swan"
    },
    {
        "type": "transform context",
        "file": "/Users/qiuchen/Workspace/MiniProgram_swan/pages/CommentDetail/CommentDetail.js",
        "row": 63,
        "column": 4,
        "before": "wx.showLoading",
        "after": "swan.showLoading",
        "message": "只转换了上下文, wx ==> swan"
    },
    {
        "type": "transform context",
        "file": "/Users/qiuchen/Workspace/MiniProgram_swan/pages/CommentDetail/CommentDetail.js",
        "row": 144,
        "column": 6,
        "before": "wx.showToast",
        "after": "swan.showToast",
        "message": "只转换了上下文, wx ==> swan"
    },
    {
        "type": "transform context",
        "file": "/Users/qiuchen/Workspace/MiniProgram_swan/pages/CommentDetail/CommentDetail.js",
        "row": 152,
        "column": 8,
        "before": "wx.navigateBack",
        "after": "swan.navigateBack",
        "message": "只转换了上下文, wx ==> swan"
    },
    {
        "type": "transform context",
        "file": "/Users/qiuchen/Workspace/MiniProgram_swan/pages/CommentDetail/CommentDetail.js",
        "row": 179,
        "column": 6,
        "before": "wx.hideLoading",
        "after": "swan.hideLoading",
        "message": "只转换了上下文, wx ==> swan"
    },
    {
        "type": "transform context",
        "file": "/Users/qiuchen/Workspace/MiniProgram_swan/pages/CommentDetail/CommentDetail.js",
        "row": 204,
        "column": 6,
        "before": "wx.hideLoading",
        "after": "swan.hideLoading",
        "message": "只转换了上下文, wx ==> swan"
    },
    {
        "type": "transform context",
        "file": "/Users/qiuchen/Workspace/MiniProgram_swan/pages/CommentDetail/CommentDetail.js",
        "row": 213,
        "column": 4,
        "before": "wx.hideLoading",
        "after": "swan.hideLoading",
        "message": "只转换了上下文, wx ==> swan"
    },
    {
        "type": "transform context",
        "file": "/Users/qiuchen/Workspace/MiniProgram_swan/pages/feed/feed.js",
        "row": 86,
        "column": 28,
        "before": "wx.canIUse",
        "after": "swan.canIUse",
        "message": "只转换了上下文, wx ==> swan"
    },
    {
        "type": "transform context",
        "file": "/Users/qiuchen/Workspace/MiniProgram_swan/pages/feed/feed.js",
        "row": 260,
        "column": 4,
        "before": "wx.hideLoading",
        "after": "swan.hideLoading",
        "message": "只转换了上下文, wx ==> swan"
    },
    {
        "type": "transform context",
        "file": "/Users/qiuchen/Workspace/MiniProgram_swan/pages/feed/feed.js",
        "row": 287,
        "column": 8,
        "before": "wx.showLoading",
        "after": "swan.showLoading",
        "message": "只转换了上下文, wx ==> swan"
    },
    {
        "type": "transform context",
        "file": "/Users/qiuchen/Workspace/MiniProgram_swan/pages/feed/feed.js",
        "row": 311,
        "column": 4,
        "before": "wx.stopPullDownRefresh",
        "after": "swan.stopPullDownRefresh",
        "message": "只转换了上下文, wx ==> swan"
    },
    {
        "type": "transform context",
        "file": "/Users/qiuchen/Workspace/MiniProgram_swan/pages/feed/feed.js",
        "row": 315,
        "column": 4,
        "before": "wx.showToast",
        "after": "swan.showToast",
        "message": "只转换了上下文, wx ==> swan"
    },
    {
        "type": "transform context",
        "file": "/Users/qiuchen/Workspace/MiniProgram_swan/pages/feed/feed.js",
        "row": 337,
        "column": 8,
        "before": "wx.hideLoading",
        "after": "swan.hideLoading",
        "message": "只转换了上下文, wx ==> swan"
    },
    {
        "type": "transform context",
        "file": "/Users/qiuchen/Workspace/MiniProgram_swan/pages/feed/feed.js",
        "row": 349,
        "column": 8,
        "before": "wx.hideLoading",
        "after": "swan.hideLoading",
        "message": "只转换了上下文, wx ==> swan"
    },
    {
        "type": "transform context",
        "file": "/Users/qiuchen/Workspace/MiniProgram_swan/pages/feed/feed.js",
        "row": 366,
        "column": 6,
        "before": "wx.hideLoading",
        "after": "swan.hideLoading",
        "message": "只转换了上下文, wx ==> swan"
    },
    {
        "type": "transform context",
        "file": "/Users/qiuchen/Workspace/MiniProgram_swan/pages/feed/feed.js",
        "row": 401,
        "column": 8,
        "before": "wx.hideLoading",
        "after": "swan.hideLoading",
        "message": "只转换了上下文, wx ==> swan"
    },
    {
        "type": "transform context",
        "file": "/Users/qiuchen/Workspace/MiniProgram_swan/pages/feed/feed.js",
        "row": 412,
        "column": 4,
        "before": "wx.hideLoading",
        "after": "swan.hideLoading",
        "message": "只转换了上下文, wx ==> swan"
    },
    {
        "type": "transform context",
        "file": "/Users/qiuchen/Workspace/MiniProgram_swan/pages/feed/feed.js",
        "row": 513,
        "column": 8,
        "before": "wx.hideLoading",
        "after": "swan.hideLoading",
        "message": "只转换了上下文, wx ==> swan"
    },
    {
        "type": "transform context",
        "file": "/Users/qiuchen/Workspace/MiniProgram_swan/pages/feed/feed.js",
        "row": 531,
        "column": 8,
        "before": "wx.stopPullDownRefresh",
        "after": "swan.stopPullDownRefresh",
        "message": "只转换了上下文, wx ==> swan"
    },
    {
        "type": "transform context",
        "file": "/Users/qiuchen/Workspace/MiniProgram_swan/pages/feed/feed.js",
        "row": 562,
        "column": 6,
        "before": "wx.hideLoading",
        "after": "swan.hideLoading",
        "message": "只转换了上下文, wx ==> swan"
    },
    {
        "type": "transform context",
        "file": "/Users/qiuchen/Workspace/MiniProgram_swan/pages/hotSearch/hotSearch.js",
        "row": 115,
        "column": 4,
        "before": "wx.setNavigationBarTitle",
        "after": "swan.setNavigationBarTitle",
        "message": "只转换了上下文, wx ==> swan"
    },
    {
        "type": "transform context",
        "file": "/Users/qiuchen/Workspace/MiniProgram_swan/pages/hotSearch/hotSearch.js",
        "row": 153,
        "column": 6,
        "before": "wx.showLoading",
        "after": "swan.showLoading",
        "message": "只转换了上下文, wx ==> swan"
    },
    {
        "type": "transform context",
        "file": "/Users/qiuchen/Workspace/MiniProgram_swan/pages/hotSearch/hotSearch.js",
        "row": 261,
        "column": 4,
        "before": "wx.navigateTo",
        "after": "swan.navigateTo",
        "message": "只转换了上下文, wx ==> swan"
    },
    {
        "type": "transform context",
        "file": "/Users/qiuchen/Workspace/MiniProgram_swan/pages/hotSearch/hotSearch.js",
        "row": 267,
        "column": 4,
        "before": "wx.navigateTo",
        "after": "swan.navigateTo",
        "message": "只转换了上下文, wx ==> swan"
    },
    {
        "type": "transform context",
        "file": "/Users/qiuchen/Workspace/MiniProgram_swan/pages/hotSearch/hotSearch.js",
        "row": 310,
        "column": 6,
        "before": "wx.hideLoading",
        "after": "swan.hideLoading",
        "message": "只转换了上下文, wx ==> swan"
    },
    {
        "type": "transform context",
        "file": "/Users/qiuchen/Workspace/MiniProgram_swan/pages/hotSearch/hotSearch.js",
        "row": 312,
        "column": 6,
        "before": "wx.hideLoading",
        "after": "swan.hideLoading",
        "message": "只转换了上下文, wx ==> swan"
    },
    {
        "type": "transform context",
        "file": "/Users/qiuchen/Workspace/MiniProgram_swan/pages/hotSearch/hotSearch.js",
        "row": 328,
        "column": 4,
        "before": "wx.hideLoading",
        "after": "swan.hideLoading",
        "message": "只转换了上下文, wx ==> swan"
    },
    {
        "type": "transform context",
        "file": "/Users/qiuchen/Workspace/MiniProgram_swan/pages/index/index.js",
        "row": 126,
        "column": 4,
        "before": "wx.showLoading",
        "after": "swan.showLoading",
        "message": "只转换了上下文, wx ==> swan"
    },
    {
        "type": "transform context",
        "file": "/Users/qiuchen/Workspace/MiniProgram_swan/pages/index/index.js",
        "row": 411,
        "column": 4,
        "before": "wx.navigateTo",
        "after": "swan.navigateTo",
        "message": "只转换了上下文, wx ==> swan"
    },
    {
        "type": "transform context",
        "file": "/Users/qiuchen/Workspace/MiniProgram_swan/pages/index/index.js",
        "row": 720,
        "column": 4,
        "before": "wx.hideLoading",
        "after": "swan.hideLoading",
        "message": "只转换了上下文, wx ==> swan"
    },
    {
        "type": "transform context",
        "file": "/Users/qiuchen/Workspace/MiniProgram_swan/pages/index/index.js",
        "row": 726,
        "column": 4,
        "before": "wx.createSelectorQuery",
        "after": "swan.createSelectorQuery",
        "message": "只转换了上下文, wx ==> swan"
    },
    {
        "type": "transform context",
        "file": "/Users/qiuchen/Workspace/MiniProgram_swan/pages/index/index.js",
        "row": 730,
        "column": 6,
        "before": "wx.createSelectorQuery",
        "after": "swan.createSelectorQuery",
        "message": "只转换了上下文, wx ==> swan"
    },
    {
        "type": "transform context",
        "file": "/Users/qiuchen/Workspace/MiniProgram_swan/pages/index/index.js",
        "row": 802,
        "column": 4,
        "before": "wx.hideLoading",
        "after": "swan.hideLoading",
        "message": "只转换了上下文, wx ==> swan"
    },
    {
        "type": "transform context",
        "file": "/Users/qiuchen/Workspace/MiniProgram_swan/pages/profile/profile.js",
        "row": 69,
        "column": 4,
        "before": "wx.showLoading",
        "after": "swan.showLoading",
        "message": "只转换了上下文, wx ==> swan"
    },
    {
        "type": "transform context",
        "file": "/Users/qiuchen/Workspace/MiniProgram_swan/pages/profile/profile.js",
        "row": 75,
        "column": 21,
        "before": "wx.createAnimation",
        "after": "swan.createAnimation",
        "message": "只转换了上下文, wx ==> swan"
    },
    {
        "type": "transform context",
        "file": "/Users/qiuchen/Workspace/MiniProgram_swan/pages/profile/profile.js",
        "row": 195,
        "column": 4,
        "before": "wx.previewImage",
        "after": "swan.previewImage",
        "message": "只转换了上下文, wx ==> swan"
    },
    {
        "type": "transform context",
        "file": "/Users/qiuchen/Workspace/MiniProgram_swan/pages/profile/profile.js",
        "row": 219,
        "column": 6,
        "before": "wx.hideLoading",
        "after": "swan.hideLoading",
        "message": "只转换了上下文, wx ==> swan"
    },
    {
        "type": "transform context",
        "file": "/Users/qiuchen/Workspace/MiniProgram_swan/pages/profile/profile.js",
        "row": 226,
        "column": 6,
        "before": "wx.hideLoading",
        "after": "swan.hideLoading",
        "message": "只转换了上下文, wx ==> swan"
    },
    {
        "type": "transform context",
        "file": "/Users/qiuchen/Workspace/MiniProgram_swan/pages/profile/profile.js",
        "row": 233,
        "column": 6,
        "before": "wx.hideLoading",
        "after": "swan.hideLoading",
        "message": "只转换了上下文, wx ==> swan"
    },
    {
        "type": "transform context",
        "file": "/Users/qiuchen/Workspace/MiniProgram_swan/pages/profile/profile.js",
        "row": 258,
        "column": 4,
        "before": "wx.hideLoading",
        "after": "swan.hideLoading",
        "message": "只转换了上下文, wx ==> swan"
    },
    {
        "type": "transform context",
        "file": "/Users/qiuchen/Workspace/MiniProgram_swan/pages/profile/profile.js",
        "row": 320,
        "column": 4,
        "before": "wx.navigateTo",
        "after": "swan.navigateTo",
        "message": "只转换了上下文, wx ==> swan"
    },
    {
        "type": "transform context",
        "file": "/Users/qiuchen/Workspace/MiniProgram_swan/pages/profile/profile.js",
        "row": 326,
        "column": 4,
        "before": "wx.navigateTo",
        "after": "swan.navigateTo",
        "message": "只转换了上下文, wx ==> swan"
    },
    {
        "type": "transform context",
        "file": "/Users/qiuchen/Workspace/MiniProgram_swan/pages/SuperSubject/SuperSubject.js",
        "row": 58,
        "column": 4,
        "before": "wx.showLoading",
        "after": "swan.showLoading",
        "message": "只转换了上下文, wx ==> swan"
    },
    {
        "type": "transform context",
        "file": "/Users/qiuchen/Workspace/MiniProgram_swan/pages/SuperSubject/SuperSubject.js",
        "row": 107,
        "column": 4,
        "before": "wx.navigateTo",
        "after": "swan.navigateTo",
        "message": "只转换了上下文, wx ==> swan"
    },
    {
        "type": "transform context",
        "file": "/Users/qiuchen/Workspace/MiniProgram_swan/pages/SuperSubject/SuperSubject.js",
        "row": 180,
        "column": 6,
        "before": "wx.hideLoading",
        "after": "swan.hideLoading",
        "message": "只转换了上下文, wx ==> swan"
    },
    {
        "type": "transform context",
        "file": "/Users/qiuchen/Workspace/MiniProgram_swan/pages/SuperSubject/SuperSubject.js",
        "row": 202,
        "column": 4,
        "before": "wx.hideLoading",
        "after": "swan.hideLoading",
        "message": "只转换了上下文, wx ==> swan"
    },
    {
        "type": "transform context",
        "file": "/Users/qiuchen/Workspace/MiniProgram_swan/pages/SuperSubject/SuperSubject.js",
        "row": 238,
        "column": 6,
        "before": "wx.hideLoading",
        "after": "swan.hideLoading",
        "message": "只转换了上下文, wx ==> swan"
    },
    {
        "type": "transform context",
        "file": "/Users/qiuchen/Workspace/MiniProgram_swan/pages/SuperSubject/SuperSubject.js",
        "row": 259,
        "column": 4,
        "before": "wx.hideLoading",
        "after": "swan.hideLoading",
        "message": "只转换了上下文, wx ==> swan"
    },
    {
        "type": "transform context",
        "file": "/Users/qiuchen/Workspace/MiniProgram_swan/pages/SuperSubjectDescription/SuperSubjectDescription.js",
        "row": 26,
        "column": 4,
        "before": "wx.getSystemInfo",
        "after": "swan.getSystemInfo",
        "message": "只转换了上下文, wx ==> swan"
    },
    {
        "type": "transform context",
        "file": "/Users/qiuchen/Workspace/MiniProgram_swan/pages/SuperSubjectDescription/SuperSubjectDescription.js",
        "row": 41,
        "column": 6,
        "before": "wx.setNavigationBarTitle",
        "after": "swan.setNavigationBarTitle",
        "message": "只转换了上下文, wx ==> swan"
    },
    {
        "type": "transform context",
        "file": "/Users/qiuchen/Workspace/MiniProgram_swan/pages/SuperSubjectDescription/SuperSubjectDescription.js",
        "row": 45,
        "column": 6,
        "before": "wx.setNavigationBarTitle",
        "after": "swan.setNavigationBarTitle",
        "message": "只转换了上下文, wx ==> swan"
    },
    {
        "type": "transform context",
        "file": "/Users/qiuchen/Workspace/MiniProgram_swan/pages/topic/topic.js",
        "row": 65,
        "column": 4,
        "before": "wx.showLoading",
        "after": "swan.showLoading",
        "message": "只转换了上下文, wx ==> swan"
    },
    {
        "type": "transform context",
        "file": "/Users/qiuchen/Workspace/MiniProgram_swan/pages/topic/topic.js",
        "row": 204,
        "column": 6,
        "before": "wx.hideLoading",
        "after": "swan.hideLoading",
        "message": "只转换了上下文, wx ==> swan"
    },
    {
        "type": "transform context",
        "file": "/Users/qiuchen/Workspace/MiniProgram_swan/pages/topic/topic.js",
        "row": 225,
        "column": 6,
        "before": "wx.hideLoading",
        "after": "swan.hideLoading",
        "message": "只转换了上下文, wx ==> swan"
    },
    {
        "type": "transform context",
        "file": "/Users/qiuchen/Workspace/MiniProgram_swan/pages/topic/topic.js",
        "row": 242,
        "column": 4,
        "before": "wx.hideLoading",
        "after": "swan.hideLoading",
        "message": "只转换了上下文, wx ==> swan"
    },
    {
        "type": "transform attr __route__",
        "file": "/Users/qiuchen/Workspace/MiniProgram_swan/utils/data.js",
        "row": 24,
        "column": 29,
        "before": "__route__",
        "after": "route",
        "message": "转换了属性, __route__ ==> route"
    },
    {
        "type": "transform attr __route__",
        "file": "/Users/qiuchen/Workspace/MiniProgram_swan/utils/data.js",
        "row": 25,
        "column": 22,
        "before": "__route__",
        "after": "route",
        "message": "转换了属性, __route__ ==> route"
    },
    {
        "type": "transform context",
        "file": "/Users/qiuchen/Workspace/MiniProgram_swan/utils/draw.js",
        "row": 31,
        "column": 14,
        "before": "wx.createCanvasContext",
        "after": "swan.createCanvasContext",
        "message": "只转换了上下文, wx ==> swan"
    },
    {
        "type": "transform context",
        "file": "/Users/qiuchen/Workspace/MiniProgram_swan/utils/draw.js",
        "row": 48,
        "column": 8,
        "before": "wx.canvasToTempFilePath",
        "after": "swan.canvasToTempFilePath",
        "message": "只转换了上下文, wx ==> swan"
    },
    {
        "type": "transform context",
        "file": "/Users/qiuchen/Workspace/MiniProgram_swan/utils/draw.js",
        "row": 476,
        "column": 19,
        "before": "wx.createCanvasContext",
        "after": "swan.createCanvasContext",
        "message": "只转换了上下文, wx ==> swan"
    },
    {
        "type": "transform context",
        "file": "/Users/qiuchen/Workspace/MiniProgram_swan/utils/draw.js",
        "row": 480,
        "column": 4,
        "before": "wx.canvasToTempFilePath",
        "after": "swan.canvasToTempFilePath",
        "message": "只转换了上下文, wx ==> swan"
    },
    {
        "type": "transform context",
        "file": "/Users/qiuchen/Workspace/MiniProgram_swan/utils/draw.js",
        "row": 537,
        "column": 14,
        "before": "wx.createCanvasContext",
        "after": "swan.createCanvasContext",
        "message": "只转换了上下文, wx ==> swan"
    },
    {
        "type": "transform context",
        "file": "/Users/qiuchen/Workspace/MiniProgram_swan/utils/draw.js",
        "row": 693,
        "column": 4,
        "before": "wx.canvasToTempFilePath",
        "after": "swan.canvasToTempFilePath",
        "message": "只转换了上下文, wx ==> swan"
    },
    {
        "type": "transform context",
        "file": "/Users/qiuchen/Workspace/MiniProgram_swan/utils/loginUtil.js",
        "row": 47,
        "column": 10,
        "before": "wx.setStorage",
        "after": "swan.setStorage",
        "message": "只转换了上下文, wx ==> swan"
    },
    {
        "type": "transform context",
        "file": "/Users/qiuchen/Workspace/MiniProgram_swan/utils/loginUtil.js",
        "row": 51,
        "column": 10,
        "before": "wx.setStorage",
        "after": "swan.setStorage",
        "message": "只转换了上下文, wx ==> swan"
    },
    {
        "type": "transform context",
        "file": "/Users/qiuchen/Workspace/MiniProgram_swan/utils/loginUtil.js",
        "row": 55,
        "column": 10,
        "before": "wx.setStorage",
        "after": "swan.setStorage",
        "message": "只转换了上下文, wx ==> swan"
    },
    {
        "type": "transform context",
        "file": "/Users/qiuchen/Workspace/MiniProgram_swan/utils/loginUtil.js",
        "row": 113,
        "column": 16,
        "before": "wx.getStorageSync",
        "after": "swan.getStorageSync",
        "message": "只转换了上下文, wx ==> swan"
    },
    {
        "type": "transform context",
        "file": "/Users/qiuchen/Workspace/MiniProgram_swan/utils/loginUtil.js",
        "row": 114,
        "column": 20,
        "before": "wx.getStorageSync",
        "after": "swan.getStorageSync",
        "message": "只转换了上下文, wx ==> swan"
    },
    {
        "type": "transform context",
        "file": "/Users/qiuchen/Workspace/MiniProgram_swan/utils/networkManager.js",
        "row": 26,
        "column": 6,
        "before": "wx.getImageInfo",
        "after": "swan.getImageInfo",
        "message": "只转换了上下文, wx ==> swan"
    },
    {
        "type": "transform context",
        "file": "/Users/qiuchen/Workspace/MiniProgram_swan/utils/networkManager.js",
        "row": 47,
        "column": 23,
        "before": "wx.request",
        "after": "swan.request",
        "message": "只转换了上下文, wx ==> swan"
    },
    {
        "type": "transform context",
        "file": "/Users/qiuchen/Workspace/MiniProgram_swan/utils/sensorsdata.min.js",
        "row": 1,
        "column": 16537,
        "before": "wx.getSystemInfo",
        "after": "swan.getSystemInfo",
        "message": "只转换了上下文, wx ==> swan"
    },
    {
        "type": "transform context",
        "file": "/Users/qiuchen/Workspace/MiniProgram_swan/utils/sensorsdata.min.js",
        "row": 1,
        "column": 16854,
        "before": "wx.getNetworkType",
        "after": "swan.getNetworkType",
        "message": "只转换了上下文, wx ==> swan"
    },
    {
        "type": "transform context",
        "file": "/Users/qiuchen/Workspace/MiniProgram_swan/utils/sensorsdata.min.js",
        "row": 1,
        "column": 18031,
        "before": "wx.getStorageSync",
        "after": "swan.getStorageSync",
        "message": "只转换了上下文, wx ==> swan"
    },
    {
        "type": "transform context",
        "file": "/Users/qiuchen/Workspace/MiniProgram_swan/utils/sensorsdata.min.js",
        "row": 1,
        "column": 18804,
        "before": "wx.setStorageSync",
        "after": "swan.setStorageSync",
        "message": "只转换了上下文, wx ==> swan"
    },
    {
        "type": "transform context",
        "file": "/Users/qiuchen/Workspace/MiniProgram_swan/utils/sensorsdata.min.js",
        "row": 1,
        "column": 20358,
        "before": "wx.request",
        "after": "swan.request",
        "message": "只转换了上下文, wx ==> swan"
    },
    {
        "type": "transform context",
        "file": "/Users/qiuchen/Workspace/MiniProgram_swan/utils/sensorsdata.min.js",
        "row": 1,
        "column": 21852,
        "before": "wx.request",
        "after": "swan.request",
        "message": "只转换了上下文, wx ==> swan"
    },
    {
        "type": "transform attr __route__",
        "file": "/Users/qiuchen/Workspace/MiniProgram_swan/utils/sensorsdata.min.js",
        "row": 1,
        "column": 7141,
        "before": "__route__",
        "after": "route",
        "message": "转换了属性, __route__ ==> route"
    },
    {
        "type": "transform attr __route__",
        "file": "/Users/qiuchen/Workspace/MiniProgram_swan/utils/sensorsdata.min.js",
        "row": 1,
        "column": 7160,
        "before": "__route__",
        "after": "route",
        "message": "转换了属性, __route__ ==> route"
    },
    {
        "type": "transform context",
        "file": "/Users/qiuchen/Workspace/MiniProgram_swan/utils/toHome.js",
        "row": 16,
        "column": 4,
        "before": "wx.reLaunch",
        "after": "swan.reLaunch",
        "message": "只转换了上下文, wx ==> swan"
    },
    {
        "type": "transform context",
        "file": "/Users/qiuchen/Workspace/MiniProgram_swan/utils/toHome.js",
        "row": 20,
        "column": 4,
        "before": "wx.navigateBack",
        "after": "swan.navigateBack",
        "message": "只转换了上下文, wx ==> swan"
    },
    {
        "type": "transform context",
        "file": "/Users/qiuchen/Workspace/MiniProgram_swan/utils/toHome.js",
        "row": 24,
        "column": 4,
        "before": "wx.redirectTo",
        "after": "swan.redirectTo",
        "message": "只转换了上下文, wx ==> swan"
    },
    {
        "type": "transform context",
        "file": "/Users/qiuchen/Workspace/MiniProgram_swan/utils/util.js",
        "row": 130,
        "column": 2,
        "before": "wx.getNetworkType",
        "after": "swan.getNetworkType",
        "message": "只转换了上下文, wx ==> swan"
    },
    {
        "type": "transform context",
        "file": "/Users/qiuchen/Workspace/MiniProgram_swan/utils/util.js",
        "row": 133,
        "column": 8,
        "before": "wx.showToast",
        "after": "swan.showToast",
        "message": "只转换了上下文, wx ==> swan"
    }
]