[
    {
        "type": "show tips",
        "file": "/Users/qiuchen/Workspace/MiniProgram_swan/utils/loginUtil.js",
        "row": 22,
        "column": 2,
        "before": "wx.login",
        "after": "swan.login",
        "message": "wx.login --- 登录接口code换取openid和session_key 在百度小程序中存在diff \n      相关文档：https://smartapp.baidu.com/docs/develop/api/open_log/#Session-Key/"
    },
    {
        "type": "show tips",
        "file": "/Users/qiuchen/Workspace/MiniProgram_swan/utils/sensorsdata.min.js",
        "row": 1,
        "column": 20286,
        "before": "wx.login",
        "after": "swan.login",
        "message": "wx.login --- 登录接口code换取openid和session_key 在百度小程序中存在diff \n      相关文档：https://smartapp.baidu.com/docs/develop/api/open_log/#Session-Key/"
    }
]