{"id":"com.sina.emotions2018-05","version":2,"display_only":1,"emoticons":[{"chs":"[\u51ac\u5175]","cht":"[\u51ac\u5175]","en":"[dongbing\\r]","png":"fulian3_dongbing01_mobile.png","type":0},{"chs":"[\u94a2\u94c1\u4fa0]","cht":"[\u92fc\u9435\u4fe0]","en":"[gangtiexia\\r]","png":"fulian3_gangtiexia01_mobile.png","type":0},{"chs":"[\u683c\u9c81\u7279]","cht":"[\u683c\u9b6f\u7279]","en":"[gelute\\r]","png":"fulian3_gelute01_mobile.png","type":0},{"chs":"[\u6d69\u514b]","cht":"[\u6d69\u514b]","en":"[haoke\\r]","png":"fulian3_haoke01_mobile.png","type":0},{"chs":"[\u9ed1\u5be1\u5987]","cht":"[\u9ed1\u5be1\u5a66]","en":"[heiguafu\\r]","png":"fulian3_heiguafu01_mobile.png","type":0},{"chs":"[\u96f7\u795e]","cht":"[\u96f7\u795e]","en":"[leishen\\r]","png":"fulian3_leishen01_mobile.png","type":0},{"chs":"[\u6d1b\u57fa]","cht":"[\u6d1b\u57fa]","en":"[luoji\\r]","png":"fulian3_luoji01_mobile.png","type":0},{"chs":"[\u7f8e\u56fd\u961f\u957f]","cht":"[\u7f8e\u570b\u968a\u9577]","en":"[meiguoduizhang\\r]","png":"fulian3_meiguoduizhang01_mobile.png","type":0},{"chs":"[\u5947\u5f02\u535a\u58eb]","cht":"[\u5947\u7570\u535a\u58eb]","en":"[qiyiboshi\\r]","png":"fulian3_qiyiboshi01_mobile.png","type":0},{"chs":"[\u8718\u86db\u4fa0]","cht":"[\u8718\u86db\u4fe0]","en":"[zhizhuxia]","png":"fulian3_zhizhuxia01_mobile.png","type":0},{"chs":"[\u6c76\u5ddd\u5341\u5e74]","cht":"[\u6c76\u5ddd\u5341\u5e74]","en":"[wenhcuanshinian]","png":"yunying_wenchuanshinian_mobile.png","type":0}]}